model_name,target_sparsity,actual_sparsity,val_loss,l1_scale,weight_decay,spatial_cost_scale,group
gpt2_l1_16_spatial_32_100k,0.0,0.0,2.983921766281128,0.08,0.0,0.0,Combo
gpt2_l1_16_spatial_32_100k,0.25,0.25000001177375697,2.98380708694458,0.08,0.0,0.0,Combo
gpt2_l1_16_spatial_32_100k,0.5,0.500000011773757,2.9883155822753906,0.08,0.0,0.0,Combo
gpt2_l1_16_spatial_32_100k,0.6,0.6000000164832597,3.027810573577881,0.08,0.0,0.0,Combo
gpt2_l1_16_spatial_32_100k,0.7,0.7000000329665196,3.2361974716186523,0.08,0.0,0.0,Combo
gpt2_l1_16_spatial_32_100k,0.8,0.8000000141285084,4.6634626388549805,0.08,0.0,0.0,Combo
gpt2_l1_16_spatial_32_100k,0.85,0.8500000047095028,6.4817047119140625,0.08,0.0,0.0,Combo
gpt2_l1_16_spatial_32_100k,0.9,0.9000000306117681,8.093791007995605,0.08,0.0,0.0,Combo
gpt2_l1_16_spatial_32_100k,0.95,0.9500000094190056,8.229110717773438,0.08,0.0,0.0,Combo
