model_name,target_sparsity,actual_sparsity,dead_params,total_params,dead_param_percent,dead_rows,total_rows,dead_row_percent,dead_cols,total_cols,dead_col_percent,group
gpt2_l1_16_spatial_16_100k,0.0,0.0,0,84934656,0.0,0,82944,0.0,0,64512,0.0,Combo
gpt2_l1_16_spatial_16_100k,0.25,0.25000001177375697,21233665,84934656,25.000001177375697,8974,82944,10.819347993827162,473,64512,0.7331969246031746,Combo
gpt2_l1_16_spatial_16_100k,0.5,0.5000000235475139,42467330,84934656,50.000002354751395,16022,82944,19.316647376543212,6895,64512,10.687934027777777,Combo
gpt2_l1_16_spatial_16_100k,0.6,0.6000000047095028,50960794,84934656,60.000000470950276,16037,82944,19.33473186728395,6913,64512,10.715835813492063,Combo
gpt2_l1_16_spatial_16_100k,0.7,0.7000000094190056,59454260,84934656,70.00000094190057,16037,82944,19.33473186728395,6953,64512,10.777839781746032,Combo
gpt2_l1_16_spatial_16_100k,0.8,0.8000000023547514,67947725,84934656,80.00000023547514,16038,82944,19.3359375,6985,64512,10.827442956349206,Combo
gpt2_l1_16_spatial_16_100k,0.85,0.8500000047095028,72194458,84934656,85.00000047095028,16038,82944,19.3359375,6989,64512,10.833643353174603,Combo
gpt2_l1_16_spatial_16_100k,0.9,0.9000000070642542,76441191,84934656,90.00000070642542,16043,82944,19.341965663580247,6995,64512,10.8429439484127,Combo
gpt2_l1_16_spatial_16_100k,0.95,0.9500000094190056,80687924,84934656,95.00000094190057,16104,82944,19.41550925925926,7044,64512,10.91889880952381,Combo
