model_name,target_sparsity,actual_sparsity,val_loss,l1_scale,weight_decay,spatial_cost_scale,group
gpt2_full_spatial_64_100k,0.0,0.0,3.0001094341278076,0.08,0.0,0.0,Spatial
gpt2_full_spatial_64_100k,0.25,0.25000001177375697,2.9995696544647217,0.08,0.0,0.0,Spatial
gpt2_full_spatial_64_100k,0.5,0.5000000235475139,3.013448476791382,0.08,0.0,0.0,Spatial
gpt2_full_spatial_64_100k,0.6,0.6000000282570168,3.120697498321533,0.08,0.0,0.0,Spatial
gpt2_full_spatial_64_100k,0.7,0.7000000094190056,3.926793098449707,0.08,0.0,0.0,Spatial
gpt2_full_spatial_64_100k,0.8,0.8000000141285084,6.347353935241699,0.08,0.0,0.0,Spatial
gpt2_full_spatial_64_100k,0.85,0.8500000047095028,7.41933536529541,0.08,0.0,0.0,Spatial
gpt2_full_spatial_64_100k,0.9,0.9000000070642542,8.560392379760742,0.08,0.0,0.0,Spatial
gpt2_full_spatial_64_100k,0.95,0.9500000094190056,9.244110107421875,0.08,0.0,0.0,Spatial
