model_name,target_sparsity,actual_sparsity,val_loss,l1_scale,weight_decay,spatial_cost_scale,group
gpt2_full_spatial_128_100k,0.0,0.0,3.036015510559082,0.64,0.0,0.0,L1
gpt2_full_spatial_128_100k,0.25,0.25000001177375697,3.0357437133789062,0.64,0.0,0.0,L1
gpt2_full_spatial_128_100k,0.5,0.500000011773757,3.0334224700927734,0.64,0.0,0.0,L1
gpt2_full_spatial_128_100k,0.6,0.6000000164832597,3.046027183532715,0.64,0.0,0.0,L1
gpt2_full_spatial_128_100k,0.7,0.7000000094190056,3.17537522315979,0.64,0.0,0.0,L1
gpt2_full_spatial_128_100k,0.8,0.8000000023547514,4.598328113555908,0.64,0.0,0.0,L1
gpt2_full_spatial_128_100k,0.85,0.8500000047095028,6.252328872680664,0.64,0.0,0.0,L1
gpt2_full_spatial_128_100k,0.9,0.9000000070642542,7.627928733825684,0.64,0.0,0.0,L1
gpt2_full_spatial_128_100k,0.95,0.9500000329665196,9.28124713897705,0.64,0.0,0.0,L1
