model_name,target_sparsity,actual_sparsity,val_loss,l1_scale,weight_decay,spatial_cost_scale,group
gpt2_l1_64_spatial_16_100k,0.0,0.0,3.1136176586151123,0.08,0.0,0.0,Combo
gpt2_l1_64_spatial_16_100k,0.25,0.25000001177375697,3.113614797592163,0.08,0.0,0.0,Combo
gpt2_l1_64_spatial_16_100k,0.5,0.5000000235475139,3.1132922172546387,0.08,0.0,0.0,Combo
gpt2_l1_64_spatial_16_100k,0.6,0.6000000047095028,3.112230062484741,0.08,0.0,0.0,Combo
gpt2_l1_64_spatial_16_100k,0.7,0.7000000094190056,3.118237257003784,0.08,0.0,0.0,Combo
gpt2_l1_64_spatial_16_100k,0.8,0.8000000141285084,3.232569932937622,0.08,0.0,0.0,Combo
gpt2_l1_64_spatial_16_100k,0.85,0.8500000282570168,3.5446369647979736,0.08,0.0,0.0,Combo
gpt2_l1_64_spatial_16_100k,0.9,0.9000000070642542,4.554629325866699,0.08,0.0,0.0,Combo
gpt2_l1_64_spatial_16_100k,0.95,0.9500000211927626,6.983242511749268,0.08,0.0,0.0,Combo
