model_name,target_sparsity,actual_sparsity,dead_params,total_params,dead_param_percent,dead_rows,total_rows,dead_row_percent,dead_cols,total_cols,dead_col_percent,group
gpt2_d_spatial_64_0.1_100k,0.0,0.0,0,84934656,0.0,0,82944,0.0,0,64512,0.0,Spatial
gpt2_d_spatial_64_0.1_100k,0.25,0.25000001177375697,21233665,84934656,25.000001177375697,6201,82944,7.476128472222222,558,64512,0.8649553571428572,Spatial
gpt2_d_spatial_64_0.1_100k,0.5,0.500000011773757,42467329,84934656,50.000001177375694,11220,82944,13.527199074074073,5342,64512,8.28062996031746,Spatial
gpt2_d_spatial_64_0.1_100k,0.6,0.6000000047095028,50960794,84934656,60.000000470950276,11245,82944,13.557339891975309,5361,64512,8.310081845238097,Spatial
gpt2_d_spatial_64_0.1_100k,0.7,0.7000000094190056,59454260,84934656,70.00000094190057,11249,82944,13.562162422839505,5367,64512,8.31938244047619,Spatial
gpt2_d_spatial_64_0.1_100k,0.8,0.8000000023547514,67947725,84934656,80.00000023547514,11254,82944,13.568190586419753,5375,64512,8.331783234126984,Spatial
gpt2_d_spatial_64_0.1_100k,0.85,0.8500000164832597,72194459,84934656,85.00000164832598,11259,82944,13.57421875,5378,64512,8.336433531746032,Spatial
gpt2_d_spatial_64_0.1_100k,0.9,0.9000000070642542,76441191,84934656,90.00000070642542,11293,82944,13.615210262345679,5385,64512,8.347284226190476,Spatial
gpt2_d_spatial_64_0.1_100k,0.95,0.9500000211927626,80687925,84934656,95.00000211927626,11551,82944,13.92626350308642,5423,64512,8.406187996031745,Spatial
