model_name,target_sparsity,actual_sparsity,dead_params,total_params,dead_param_percent,dead_rows,total_rows,dead_row_percent,dead_cols,total_cols,dead_col_percent,group
gpt2_full_spatial_16_100k,0.0,0.0,0,84934656,0.0,0,82944,0.0,0,64512,0.0,Spatial
gpt2_full_spatial_16_100k,0.25,0.25000001177375697,21233665,84934656,25.000001177375697,1963,82944,2.3666570216049383,1791,64512,2.7762276785714284,Spatial
gpt2_full_spatial_16_100k,0.5,0.500000011773757,42467329,84934656,50.000001177375694,2844,82944,3.4288194444444446,2303,64512,3.5698784722222223,Spatial
gpt2_full_spatial_16_100k,0.6,0.6000000047095028,50960794,84934656,60.000000470950276,3126,82944,3.7688078703703707,2376,64512,3.6830357142857144,Spatial
gpt2_full_spatial_16_100k,0.7,0.7000000211927626,59454261,84934656,70.00000211927626,3337,82944,4.02319637345679,2426,64512,3.7605406746031744,Spatial
gpt2_full_spatial_16_100k,0.8,0.8000000023547514,67947725,84934656,80.00000023547514,3541,82944,4.269145447530864,2443,64512,3.786892361111111,Spatial
gpt2_full_spatial_16_100k,0.85,0.8500000047095028,72194458,84934656,85.00000047095028,3676,82944,4.431905864197531,2453,64512,3.8023933531746033,Spatial
gpt2_full_spatial_16_100k,0.9,0.9000000188380112,76441192,84934656,90.00000188380112,3927,82944,4.734519675925926,2516,64512,3.9000496031746033,Spatial
gpt2_full_spatial_16_100k,0.95,0.9500000329665196,80687926,84934656,95.00000329665195,4515,82944,5.443431712962963,2765,64512,4.286024305555555,Spatial
