model_name,target_sparsity,actual_sparsity,val_loss,l1_scale,weight_decay,spatial_cost_scale,group
gpt2_full_spatial_128_100k,0.0,0.0,3.0506515502929688,0.08,0.0,0.0,Spatial
gpt2_full_spatial_128_100k,0.25,0.25000001177375697,3.0503883361816406,0.08,0.0,0.0,Spatial
gpt2_full_spatial_128_100k,0.5,0.500000011773757,3.0482189655303955,0.08,0.0,0.0,Spatial
gpt2_full_spatial_128_100k,0.6,0.6000000164832597,3.0605177879333496,0.08,0.0,0.0,Spatial
gpt2_full_spatial_128_100k,0.7,0.7000000094190056,3.1897940635681152,0.08,0.0,0.0,Spatial
gpt2_full_spatial_128_100k,0.8,0.8000000023547514,4.613536834716797,0.08,0.0,0.0,Spatial
gpt2_full_spatial_128_100k,0.85,0.8500000047095028,6.246985912322998,0.08,0.0,0.0,Spatial
gpt2_full_spatial_128_100k,0.9,0.9000000070642542,7.607334613800049,0.08,0.0,0.0,Spatial
gpt2_full_spatial_128_100k,0.95,0.9500000329665196,9.260025978088379,0.08,0.0,0.0,Spatial
