model_name,target_sparsity,actual_sparsity,dead_params,total_params,dead_param_percent,dead_rows,total_rows,dead_row_percent,dead_cols,total_cols,dead_col_percent,group
gpt2_l1_64_spatial_16_100k,0.0,0.0,3,84934656,3.5321270978009255e-06,0,82944,0.0,0,64512,0.0,Combo
gpt2_l1_64_spatial_16_100k,0.25,0.25000001177375697,21233665,84934656,25.000001177375697,0,82944,0.0,0,64512,0.0,Combo
gpt2_l1_64_spatial_16_100k,0.5,0.5000000235475139,42467330,84934656,50.000002354751395,17522,82944,21.125096450617285,4586,64512,7.1087549603174605,Combo
gpt2_l1_64_spatial_16_100k,0.6,0.6000000047095028,50960794,84934656,60.000000470950276,31778,82944,38.312596450617285,18483,64512,28.650483630952383,Combo
gpt2_l1_64_spatial_16_100k,0.7,0.7000000094190056,59454260,84934656,70.00000094190057,35323,82944,42.58656442901235,21464,64512,33.27132936507937,Combo
gpt2_l1_64_spatial_16_100k,0.8,0.8000000141285084,67947726,84934656,80.00000141285084,35346,82944,42.61429398148148,21563,64512,33.42478918650794,Combo
gpt2_l1_64_spatial_16_100k,0.85,0.8500000282570168,72194460,84934656,85.00000282570169,35355,82944,42.625144675925924,21570,64512,33.43563988095239,Combo
gpt2_l1_64_spatial_16_100k,0.9,0.9000000070642542,76441191,84934656,90.00000070642542,35385,82944,42.661313657407405,21575,64512,33.44339037698413,Combo
gpt2_l1_64_spatial_16_100k,0.95,0.9500000211927626,80687925,84934656,95.00000211927626,35603,82944,42.92414158950617,21587,64512,33.461991567460316,Combo
