model_name,target_sparsity,actual_sparsity,dead_params,total_params,dead_param_percent,dead_rows,total_rows,dead_row_percent,dead_cols,total_cols,dead_col_percent,group
gpt2_l1_32_spatial_32_100k,0.0,0.0,0,84934656,0.0,0,82944,0.0,0,64512,0.0,Combo
gpt2_l1_32_spatial_32_100k,0.25,0.25000001177375697,21233665,84934656,25.000001177375697,12169,82944,14.671344521604937,846,64512,1.3113839285714286,Combo
gpt2_l1_32_spatial_32_100k,0.5,0.500000011773757,42467329,84934656,50.000001177375694,22277,82944,26.8578800154321,10089,64512,15.638950892857142,Combo
gpt2_l1_32_spatial_32_100k,0.6,0.6000000047095028,50960794,84934656,60.000000470950276,23135,82944,27.89231288580247,11036,64512,17.106894841269842,Combo
gpt2_l1_32_spatial_32_100k,0.7,0.7000000094190056,59454260,84934656,70.00000094190057,23143,82944,27.901957947530864,11083,64512,17.179749503968253,Combo
gpt2_l1_32_spatial_32_100k,0.8,0.8000000141285084,67947726,84934656,80.00000141285084,23167,82944,27.93089313271605,11150,64512,17.283606150793652,Combo
gpt2_l1_32_spatial_32_100k,0.85,0.8500000164832597,72194459,84934656,85.00000164832598,23232,82944,28.009259259259263,11162,64512,17.302207341269842,Combo
gpt2_l1_32_spatial_32_100k,0.9,0.9000000188380112,76441192,84934656,90.00000188380112,23419,82944,28.234712577160494,11172,64512,17.317708333333336,Combo
gpt2_l1_32_spatial_32_100k,0.95,0.9500000211927626,80687925,84934656,95.00000211927626,23902,82944,28.81703317901235,11223,64512,17.396763392857142,Combo
