model_name,target_sparsity,actual_sparsity,dead_params,total_params,dead_param_percent,dead_rows,total_rows,dead_row_percent,dead_cols,total_cols,dead_col_percent,group
gpt2_l1_16_spatial_32_100k,0.0,0.0,0,84934656,0.0,0,82944,0.0,0,64512,0.0,Combo
gpt2_l1_16_spatial_32_100k,0.25,0.25000001177375697,21233665,84934656,25.000001177375697,9559,82944,11.524643132716049,675,64512,1.0463169642857142,Combo
gpt2_l1_16_spatial_32_100k,0.5,0.500000011773757,42467329,84934656,50.000001177375694,17554,82944,21.163676697530864,7740,64512,11.997767857142858,Combo
gpt2_l1_16_spatial_32_100k,0.6,0.6000000164832597,50960795,84934656,60.00000164832598,17583,82944,21.198640046296298,7784,64512,12.065972222222223,Combo
gpt2_l1_16_spatial_32_100k,0.7,0.7000000329665196,59454262,84934656,70.00000329665195,17583,82944,21.198640046296298,7808,64512,12.103174603174603,Combo
gpt2_l1_16_spatial_32_100k,0.8,0.8000000141285084,67947726,84934656,80.00000141285084,17585,82944,21.201051311728396,7828,64512,12.134176587301587,Combo
gpt2_l1_16_spatial_32_100k,0.85,0.8500000047095028,72194458,84934656,85.00000047095028,17591,82944,21.20828510802469,7846,64512,12.162078373015873,Combo
gpt2_l1_16_spatial_32_100k,0.9,0.9000000306117681,76441193,84934656,90.00000306117681,17619,82944,21.242042824074073,7876,64512,12.208581349206348,Combo
gpt2_l1_16_spatial_32_100k,0.95,0.9500000094190056,80687924,84934656,95.00000094190057,17772,82944,21.42650462962963,7904,64512,12.251984126984127,Combo
