model_name,target_sparsity,actual_sparsity,val_loss,l1_scale,weight_decay,spatial_cost_scale,group
gpt2_l1_64_spatial_16_100k,0.0,0.0,3.1007821559906006,0.08,0.0,0.0,Combo
gpt2_l1_64_spatial_16_100k,0.25,0.25000001177375697,3.1007800102233887,0.08,0.0,0.0,Combo
gpt2_l1_64_spatial_16_100k,0.5,0.5000000235475139,3.100480794906616,0.08,0.0,0.0,Combo
gpt2_l1_64_spatial_16_100k,0.6,0.6000000047095028,3.099365711212158,0.08,0.0,0.0,Combo
gpt2_l1_64_spatial_16_100k,0.7,0.7000000094190056,3.1055281162261963,0.08,0.0,0.0,Combo
gpt2_l1_64_spatial_16_100k,0.8,0.8000000141285084,3.219774007797241,0.08,0.0,0.0,Combo
gpt2_l1_64_spatial_16_100k,0.85,0.8500000282570168,3.5316357612609863,0.08,0.0,0.0,Combo
gpt2_l1_64_spatial_16_100k,0.9,0.9000000070642542,4.53692626953125,0.08,0.0,0.0,Combo
gpt2_l1_64_spatial_16_100k,0.95,0.9500000211927626,6.958954811096191,0.08,0.0,0.0,Combo
