model_name,target_sparsity,actual_sparsity,val_loss,l1_scale,weight_decay,spatial_cost_scale,group
gpt2_l1_16_spatial_16_100k,0.0,0.0,2.9641616344451904,0.08,0.0,0.0,Combo
gpt2_l1_16_spatial_16_100k,0.25,0.25000001177375697,2.9639861583709717,0.08,0.0,0.0,Combo
gpt2_l1_16_spatial_16_100k,0.5,0.5000000235475139,2.973602533340454,0.08,0.0,0.0,Combo
gpt2_l1_16_spatial_16_100k,0.6,0.6000000047095028,3.0318119525909424,0.08,0.0,0.0,Combo
gpt2_l1_16_spatial_16_100k,0.7,0.7000000094190056,3.375450372695923,0.08,0.0,0.0,Combo
gpt2_l1_16_spatial_16_100k,0.8,0.8000000023547514,5.2943925857543945,0.08,0.0,0.0,Combo
gpt2_l1_16_spatial_16_100k,0.85,0.8500000047095028,6.768514633178711,0.08,0.0,0.0,Combo
gpt2_l1_16_spatial_16_100k,0.9,0.9000000070642542,8.084282875061035,0.08,0.0,0.0,Combo
gpt2_l1_16_spatial_16_100k,0.95,0.9500000094190056,8.970629692077637,0.08,0.0,0.0,Combo
