model_name,target_sparsity,actual_sparsity,val_loss,l1_scale,weight_decay,spatial_cost_scale,group
gpt2_l1_16_spatial_32_100k,0.0,0.0,2.9955997467041016,0.08,0.0,0.0,Combo
gpt2_l1_16_spatial_32_100k,0.25,0.25000001177375697,2.9954869747161865,0.08,0.0,0.0,Combo
gpt2_l1_16_spatial_32_100k,0.5,0.500000011773757,2.999805450439453,0.08,0.0,0.0,Combo
gpt2_l1_16_spatial_32_100k,0.6,0.6000000164832597,3.0395493507385254,0.08,0.0,0.0,Combo
gpt2_l1_16_spatial_32_100k,0.7,0.7000000329665196,3.2469482421875,0.08,0.0,0.0,Combo
gpt2_l1_16_spatial_32_100k,0.8,0.8000000141285084,4.67729377746582,0.08,0.0,0.0,Combo
gpt2_l1_16_spatial_32_100k,0.85,0.8500000047095028,6.497477054595947,0.08,0.0,0.0,Combo
gpt2_l1_16_spatial_32_100k,0.9,0.9000000306117681,8.101399421691895,0.08,0.0,0.0,Combo
gpt2_l1_16_spatial_32_100k,0.95,0.9500000094190056,8.230907440185547,0.08,0.0,0.0,Combo
