model_name,target_sparsity,actual_sparsity,val_loss,l1_scale,weight_decay,spatial_cost_scale,group
gpt2_l1_32_spatial_16_100k,0.0,0.0,3.0641441345214844,0.08,0.0,0.0,Combo
gpt2_l1_32_spatial_16_100k,0.25,0.25000001177375697,3.0641324520111084,0.08,0.0,0.0,Combo
gpt2_l1_32_spatial_16_100k,0.5,0.500000047095028,3.0627336502075195,0.08,0.0,0.0,Combo
gpt2_l1_32_spatial_16_100k,0.6,0.6000000164832597,3.0659048557281494,0.08,0.0,0.0,Combo
gpt2_l1_32_spatial_16_100k,0.7,0.7000000329665196,3.1048080921173096,0.08,0.0,0.0,Combo
gpt2_l1_32_spatial_16_100k,0.8,0.8000000023547514,3.4328954219818115,0.08,0.0,0.0,Combo
gpt2_l1_32_spatial_16_100k,0.85,0.8500000047095028,4.269809246063232,0.08,0.0,0.0,Combo
gpt2_l1_32_spatial_16_100k,0.9,0.9000000070642542,6.357564926147461,0.08,0.0,0.0,Combo
gpt2_l1_32_spatial_16_100k,0.95,0.9500000094190056,8.219322204589844,0.08,0.0,0.0,Combo
