model_name,target_sparsity,actual_sparsity,val_loss,l1_scale,weight_decay,spatial_cost_scale,group
gpt2_full_spatial_64_100k,0.0,0.0,2.9851040840148926,0.64,0.0,0.0,L1
gpt2_full_spatial_64_100k,0.25,0.25000001177375697,2.98459792137146,0.64,0.0,0.0,L1
gpt2_full_spatial_64_100k,0.5,0.5000000235475139,2.998645067214966,0.64,0.0,0.0,L1
gpt2_full_spatial_64_100k,0.6,0.6000000282570168,3.10701847076416,0.64,0.0,0.0,L1
gpt2_full_spatial_64_100k,0.7,0.7000000094190056,3.916039228439331,0.64,0.0,0.0,L1
gpt2_full_spatial_64_100k,0.8,0.8000000141285084,6.345702171325684,0.64,0.0,0.0,L1
gpt2_full_spatial_64_100k,0.85,0.8500000047095028,7.428973197937012,0.64,0.0,0.0,L1
gpt2_full_spatial_64_100k,0.9,0.9000000070642542,8.57975959777832,0.64,0.0,0.0,L1
gpt2_full_spatial_64_100k,0.95,0.9500000094190056,9.262845039367676,0.64,0.0,0.0,L1
