model_name,target_sparsity,actual_sparsity,dead_params,total_params,dead_param_percent,dead_rows,total_rows,dead_row_percent,dead_cols,total_cols,dead_col_percent,group
gpt2_l1_32_spatial_16_100k,0.0,0.0,0,84934656,0.0,0,82944,0.0,0,64512,0.0,Combo
gpt2_l1_32_spatial_16_100k,0.25,0.250000023547514,21233666,84934656,25.0000023547514,11783,82944,14.205970293209877,711,64512,1.1021205357142858,Combo
gpt2_l1_32_spatial_16_100k,0.5,0.5000000235475139,42467330,84934656,50.000002354751395,21630,82944,26.077835648148145,9237,64512,14.318266369047619,Combo
gpt2_l1_32_spatial_16_100k,0.6,0.6000000282570168,50960796,84934656,60.000002825701685,21900,82944,26.40335648148148,9920,64512,15.376984126984128,Combo
gpt2_l1_32_spatial_16_100k,0.7,0.7000000329665196,59454262,84934656,70.00000329665195,21900,82944,26.40335648148148,9943,64512,15.41263640873016,Combo
gpt2_l1_32_spatial_16_100k,0.8,0.8000000141285084,67947726,84934656,80.00000141285084,21902,82944,26.40576774691358,9985,64512,15.477740575396826,Combo
gpt2_l1_32_spatial_16_100k,0.85,0.8500000047095028,72194458,84934656,85.00000047095028,21910,82944,26.415412808641975,9990,64512,15.485491071428573,Combo
gpt2_l1_32_spatial_16_100k,0.9,0.9000000306117681,76441193,84934656,90.00000306117681,21943,82944,26.455198688271604,9995,64512,15.493241567460316,Combo
gpt2_l1_32_spatial_16_100k,0.95,0.9500000094190056,80687924,84934656,95.00000094190057,22177,82944,26.73731674382716,10012,64512,15.519593253968253,Combo
