model_name,target_sparsity,actual_sparsity,val_loss,l1_scale,weight_decay,spatial_cost_scale,group
gpt2_l1_32_spatial_16_100k,0.0,0.0,3.0522263050079346,0.08,0.0,0.0,Combo
gpt2_l1_32_spatial_16_100k,0.25,0.25000001177375697,3.052215576171875,0.08,0.0,0.0,Combo
gpt2_l1_32_spatial_16_100k,0.5,0.500000047095028,3.050849437713623,0.08,0.0,0.0,Combo
gpt2_l1_32_spatial_16_100k,0.6,0.6000000164832597,3.0539190769195557,0.08,0.0,0.0,Combo
gpt2_l1_32_spatial_16_100k,0.7,0.7000000329665196,3.092625379562378,0.08,0.0,0.0,Combo
gpt2_l1_32_spatial_16_100k,0.8,0.8000000023547514,3.421269416809082,0.08,0.0,0.0,Combo
gpt2_l1_32_spatial_16_100k,0.85,0.8500000047095028,4.259346008300781,0.08,0.0,0.0,Combo
gpt2_l1_32_spatial_16_100k,0.9,0.9000000070642542,6.344574928283691,0.08,0.0,0.0,Combo
gpt2_l1_32_spatial_16_100k,0.95,0.9500000094190056,8.219206809997559,0.08,0.0,0.0,Combo
