model_name,target_sparsity,actual_sparsity,dead_params,total_params,dead_param_percent,dead_rows,total_rows,dead_row_percent,dead_cols,total_cols,dead_col_percent,group
gpt2_l1_16_spatial_64_100k,0.0,0.0,1,84934656,1.1773756992669752e-06,0,82944,0.0,0,64512,0.0,Combo
gpt2_l1_16_spatial_64_100k,0.25,0.250000023547514,21233666,84934656,25.0000023547514,10471,82944,12.624180169753085,843,64512,1.306733630952381,Combo
gpt2_l1_16_spatial_64_100k,0.5,0.500000011773757,42467329,84934656,50.000001177375694,19612,82944,23.644868827160494,8630,64512,13.377356150793652,Combo
gpt2_l1_16_spatial_64_100k,0.6,0.6000000047095028,50960794,84934656,60.000000470950276,19945,82944,24.046344521604937,9156,64512,14.192708333333334,Combo
gpt2_l1_16_spatial_64_100k,0.7,0.7000000094190056,59454260,84934656,70.00000094190057,19951,82944,24.053578317901234,9156,64512,14.192708333333334,Combo
gpt2_l1_16_spatial_64_100k,0.8,0.8000000023547514,67947725,84934656,80.00000023547514,19966,82944,24.071662808641975,9178,64512,14.226810515873014,Combo
gpt2_l1_16_spatial_64_100k,0.85,0.8500000047095028,72194458,84934656,85.00000047095028,20008,82944,24.12229938271605,9189,64512,14.243861607142858,Combo
gpt2_l1_16_spatial_64_100k,0.9,0.9000000188380112,76441192,84934656,90.00000188380112,20181,82944,24.33087384259259,9223,64512,14.29656498015873,Combo
gpt2_l1_16_spatial_64_100k,0.95,0.9500000094190056,80687924,84934656,95.00000094190057,20688,82944,24.94212962962963,9263,64512,14.358568948412698,Combo
