model_name,target_sparsity,actual_sparsity,val_loss,l1_scale,weight_decay,spatial_cost_scale,group
gpt2_l1_16_spatial_64_100k,0.0,0.0,3.014333486557007,0.08,0.0,0.0,Combo
gpt2_l1_16_spatial_64_100k,0.25,0.250000023547514,3.0142858028411865,0.08,0.0,0.0,Combo
gpt2_l1_16_spatial_64_100k,0.5,0.500000011773757,3.014277219772339,0.08,0.0,0.0,Combo
gpt2_l1_16_spatial_64_100k,0.6,0.6000000047095028,3.0324742794036865,0.08,0.0,0.0,Combo
gpt2_l1_16_spatial_64_100k,0.7,0.7000000094190056,3.158604145050049,0.08,0.0,0.0,Combo
gpt2_l1_16_spatial_64_100k,0.8,0.8000000023547514,3.9871490001678467,0.08,0.0,0.0,Combo
gpt2_l1_16_spatial_64_100k,0.85,0.8500000047095028,5.654450416564941,0.08,0.0,0.0,Combo
gpt2_l1_16_spatial_64_100k,0.9,0.9000000188380112,7.469246864318848,0.08,0.0,0.0,Combo
gpt2_l1_16_spatial_64_100k,0.95,0.9500000094190056,8.60427188873291,0.08,0.0,0.0,Combo
