model_name,target_sparsity,actual_sparsity,val_loss,l1_scale,weight_decay,spatial_cost_scale,group
gpt2_l1_16_spatial_64_100k,0.0,0.0,3.02649188041687,0.08,0.0,0.0,Combo
gpt2_l1_16_spatial_64_100k,0.25,0.250000023547514,3.026445150375366,0.08,0.0,0.0,Combo
gpt2_l1_16_spatial_64_100k,0.5,0.500000011773757,3.026538133621216,0.08,0.0,0.0,Combo
gpt2_l1_16_spatial_64_100k,0.6,0.6000000047095028,3.044205665588379,0.08,0.0,0.0,Combo
gpt2_l1_16_spatial_64_100k,0.7,0.7000000094190056,3.1697189807891846,0.08,0.0,0.0,Combo
gpt2_l1_16_spatial_64_100k,0.8,0.8000000023547514,4.0000786781311035,0.08,0.0,0.0,Combo
gpt2_l1_16_spatial_64_100k,0.85,0.8500000047095028,5.6733574867248535,0.08,0.0,0.0,Combo
gpt2_l1_16_spatial_64_100k,0.9,0.9000000188380112,7.488483905792236,0.08,0.0,0.0,Combo
gpt2_l1_16_spatial_64_100k,0.95,0.9500000094190056,8.623115539550781,0.08,0.0,0.0,Combo
