model_name,target_sparsity,actual_sparsity,val_loss,l1_scale,weight_decay,spatial_cost_scale,group
gpt2_l1_16_spatial_16_100k,0.0,0.0,2.9764244556427,0.08,0.0,0.0,Combo
gpt2_l1_16_spatial_16_100k,0.25,0.25000001177375697,2.9762418270111084,0.08,0.0,0.0,Combo
gpt2_l1_16_spatial_16_100k,0.5,0.5000000235475139,2.986062526702881,0.08,0.0,0.0,Combo
gpt2_l1_16_spatial_16_100k,0.6,0.6000000047095028,3.0447890758514404,0.08,0.0,0.0,Combo
gpt2_l1_16_spatial_16_100k,0.7,0.7000000094190056,3.3889615535736084,0.08,0.0,0.0,Combo
gpt2_l1_16_spatial_16_100k,0.8,0.8000000023547514,5.304274082183838,0.08,0.0,0.0,Combo
gpt2_l1_16_spatial_16_100k,0.85,0.8500000047095028,6.777751922607422,0.08,0.0,0.0,Combo
gpt2_l1_16_spatial_16_100k,0.9,0.9000000070642542,8.101473808288574,0.08,0.0,0.0,Combo
gpt2_l1_16_spatial_16_100k,0.95,0.9500000094190056,8.983107566833496,0.08,0.0,0.0,Combo
