model_name,target_sparsity,actual_sparsity,val_loss,l1_scale,weight_decay,spatial_cost_scale,group
gpt2_full_spatial_16_100k,0.0,0.0,2.9257922172546387,0.64,0.0,0.0,Spatial
gpt2_full_spatial_16_100k,0.25,0.25000001177375697,2.929938793182373,0.64,0.0,0.0,Spatial
gpt2_full_spatial_16_100k,0.5,0.500000011773757,3.741184711456299,0.64,0.0,0.0,Spatial
gpt2_full_spatial_16_100k,0.6,0.6000000047095028,5.467576026916504,0.64,0.0,0.0,Spatial
gpt2_full_spatial_16_100k,0.7,0.7000000211927626,7.239861965179443,0.64,0.0,0.0,Spatial
gpt2_full_spatial_16_100k,0.8,0.8000000023547514,8.495504379272461,0.64,0.0,0.0,Spatial
gpt2_full_spatial_16_100k,0.85,0.8500000047095028,9.221298217773438,0.64,0.0,0.0,Spatial
gpt2_full_spatial_16_100k,0.9,0.9000000188380112,8.935754776000977,0.64,0.0,0.0,Spatial
gpt2_full_spatial_16_100k,0.95,0.9500000329665196,10.75810432434082,0.64,0.0,0.0,Spatial
