model_name,target_sparsity,actual_sparsity,val_loss,l1_scale,weight_decay,spatial_cost_scale,group
gpt2_full_spatial_16_100k,0.0,0.0,2.941464900970459,0.08,0.0,0.0,Spatial
gpt2_full_spatial_16_100k,0.25,0.25000001177375697,2.9456491470336914,0.08,0.0,0.0,Spatial
gpt2_full_spatial_16_100k,0.5,0.500000011773757,3.7515368461608887,0.08,0.0,0.0,Spatial
gpt2_full_spatial_16_100k,0.6,0.6000000047095028,5.472182273864746,0.08,0.0,0.0,Spatial
gpt2_full_spatial_16_100k,0.7,0.7000000211927626,7.22836446762085,0.08,0.0,0.0,Spatial
gpt2_full_spatial_16_100k,0.8,0.8000000023547514,8.473445892333984,0.08,0.0,0.0,Spatial
gpt2_full_spatial_16_100k,0.85,0.8500000047095028,9.20750617980957,0.08,0.0,0.0,Spatial
gpt2_full_spatial_16_100k,0.9,0.9000000188380112,8.93278694152832,0.08,0.0,0.0,Spatial
gpt2_full_spatial_16_100k,0.95,0.9500000329665196,10.722900390625,0.08,0.0,0.0,Spatial
