model_name,target_sparsity,actual_sparsity,dead_params,total_params,dead_param_percent,dead_rows,total_rows,dead_row_percent,dead_cols,total_cols,dead_col_percent,group
gpt2_full_spatial_64_100k,0.0,0.0,0,84934656,0.0,0,82944,0.0,0,64512,0.0,Spatial
gpt2_full_spatial_64_100k,0.25,0.25000001177375697,21233665,84934656,25.000001177375697,425,82944,0.5123939043209876,35,64512,0.054253472222222224,Spatial
gpt2_full_spatial_64_100k,0.5,0.5000000235475139,42467330,84934656,50.000002354751395,4461,82944,5.378327546296297,3804,64512,5.8965773809523805,Spatial
gpt2_full_spatial_64_100k,0.6,0.6000000282570168,50960796,84934656,60.000002825701685,5218,82944,6.290991512345679,4085,64512,6.332155257936507,Spatial
gpt2_full_spatial_64_100k,0.7,0.7000000094190056,59454260,84934656,70.00000094190057,5690,82944,6.860050154320987,4167,64512,6.459263392857142,Spatial
gpt2_full_spatial_64_100k,0.8,0.8000000141285084,67947726,84934656,80.00000141285084,6027,82944,7.26634837962963,4248,64512,6.584821428571429,Spatial
gpt2_full_spatial_64_100k,0.85,0.8500000047095028,72194458,84934656,85.00000047095028,6200,82944,7.474922839506173,4279,64512,6.632874503968254,Spatial
gpt2_full_spatial_64_100k,0.9,0.9000000070642542,76441191,84934656,90.00000070642542,6422,82944,7.742573302469136,4313,64512,6.6855778769841265,Spatial
gpt2_full_spatial_64_100k,0.95,0.9500000094190056,80687924,84934656,95.00000094190057,6976,82944,8.410493827160494,4465,64512,6.9211929563492065,Spatial
