model_name,target_sparsity,actual_sparsity,val_loss,l1_scale,weight_decay,spatial_cost_scale,group
gpt2_d_spatial_128_0.1_100k,0.0,0.0,3.0091781616210938,0.64,0.0,0.0,Spatial_D
gpt2_d_spatial_128_0.1_100k,0.25,0.25000001177375697,3.008760929107666,0.64,0.0,0.0,Spatial_D
gpt2_d_spatial_128_0.1_100k,0.5,0.500000011773757,3.0209405422210693,0.64,0.0,0.0,Spatial_D
gpt2_d_spatial_128_0.1_100k,0.6,0.6000000047095028,3.104419708251953,0.64,0.0,0.0,Spatial_D
gpt2_d_spatial_128_0.1_100k,0.7,0.7000000094190056,3.6514317989349365,0.64,0.0,0.0,Spatial_D
gpt2_d_spatial_128_0.1_100k,0.8,0.8000000023547514,6.115291118621826,0.64,0.0,0.0,Spatial_D
gpt2_d_spatial_128_0.1_100k,0.85,0.8500000164832597,7.250776767730713,0.64,0.0,0.0,Spatial_D
gpt2_d_spatial_128_0.1_100k,0.9,0.9000000070642542,8.212530136108398,0.64,0.0,0.0,Spatial_D
gpt2_d_spatial_128_0.1_100k,0.95,0.9500000211927626,8.743654251098633,0.64,0.0,0.0,Spatial_D
