model_name,target_sparsity,actual_sparsity,dead_params,total_params,dead_param_percent,dead_rows,total_rows,dead_row_percent,dead_cols,total_cols,dead_col_percent,group
gpt2_full_spatial_128_100k,0.0,0.0,0,84934656,0.0,0,82944,0.0,0,64512,0.0,Spatial
gpt2_full_spatial_128_100k,0.25,0.25000001177375697,21233665,84934656,25.000001177375697,211,82944,0.25438850308641975,45,64512,0.06975446428571429,Spatial
gpt2_full_spatial_128_100k,0.5,0.500000011773757,42467329,84934656,50.000001177375694,2372,82944,2.8597608024691357,2672,64512,4.141865079365079,Spatial
gpt2_full_spatial_128_100k,0.6,0.6000000164832597,50960795,84934656,60.00000164832598,5767,82944,6.95288387345679,5415,64512,8.393787202380953,Spatial
gpt2_full_spatial_128_100k,0.7,0.7000000094190056,59454260,84934656,70.00000094190057,7218,82944,8.702256944444445,5909,64512,9.15953621031746,Spatial
gpt2_full_spatial_128_100k,0.8,0.8000000023547514,67947725,84934656,80.00000023547514,7918,82944,9.546199845679013,6021,64512,9.333147321428571,Spatial
gpt2_full_spatial_128_100k,0.85,0.8500000047095028,72194458,84934656,85.00000047095028,8199,82944,9.88498263888889,6082,64512,9.427703373015873,Spatial
gpt2_full_spatial_128_100k,0.9,0.9000000070642542,76441191,84934656,90.00000070642542,8565,82944,10.326244212962964,6136,64512,9.51140873015873,Spatial
gpt2_full_spatial_128_100k,0.95,0.9500000329665196,80687926,84934656,95.00000329665195,9301,82944,11.213589891975309,6308,64512,9.778025793650794,Spatial
