model_name,target_sparsity,actual_sparsity,val_loss,l1_scale,weight_decay,spatial_cost_scale,group
gpt2_combo_l1_16_spatial_64_100k,0.0,0.0,3.0158538818359375,0.08,0.0,0.0,Combo
gpt2_combo_l1_16_spatial_64_100k,0.25,0.250000023547514,3.015803098678589,0.08,0.0,0.0,Combo
gpt2_combo_l1_16_spatial_64_100k,0.5,0.500000011773757,3.0157861709594727,0.08,0.0,0.0,Combo
gpt2_combo_l1_16_spatial_64_100k,0.6,0.6000000047095028,3.0334722995758057,0.08,0.0,0.0,Combo
gpt2_combo_l1_16_spatial_64_100k,0.7,0.7000000094190056,3.157453775405884,0.08,0.0,0.0,Combo
gpt2_combo_l1_16_spatial_64_100k,0.8,0.8000000023547514,3.9903783798217773,0.08,0.0,0.0,Combo
gpt2_combo_l1_16_spatial_64_100k,0.85,0.8500000047095028,5.668762683868408,0.08,0.0,0.0,Combo
gpt2_combo_l1_16_spatial_64_100k,0.9,0.9000000188380112,7.49387788772583,0.08,0.0,0.0,Combo
gpt2_combo_l1_16_spatial_64_100k,0.95,0.9500000094190056,8.641526222229004,0.08,0.0,0.0,Combo
