model_name,target_sparsity,actual_sparsity,val_loss,l1_scale,weight_decay,spatial_cost_scale,group
maxsegan_gpt2_l1_16_100k,0.0,0.0,2.9489200115203857,0.64,0.0,0.0,L1
maxsegan_gpt2_l1_16_100k,0.25,0.25000001177375697,2.948702335357666,0.64,0.0,0.0,L1
maxsegan_gpt2_l1_16_100k,0.5,0.500000011773757,2.965419292449951,0.64,0.0,0.0,L1
maxsegan_gpt2_l1_16_100k,0.6,0.6000000047095028,3.0491292476654053,0.64,0.0,0.0,L1
maxsegan_gpt2_l1_16_100k,0.7,0.7000000211927626,3.5358471870422363,0.64,0.0,0.0,L1
maxsegan_gpt2_l1_16_100k,0.8,0.8000000023547514,5.506679534912109,0.64,0.0,0.0,L1
maxsegan_gpt2_l1_16_100k,0.85,0.8500000047095028,6.877778053283691,0.64,0.0,0.0,L1
maxsegan_gpt2_l1_16_100k,0.9,0.9000000188380112,7.761509895324707,0.64,0.0,0.0,L1
maxsegan_gpt2_l1_16_100k,0.95,0.9500000211927626,8.765983581542969,0.64,0.0,0.0,L1
