model_name,target_sparsity,actual_sparsity,val_loss,l1_scale,weight_decay,spatial_cost_scale,group
maxsegan_gpt2_l1_64_100k,0.0,0.0,3.08604097366333,0.08,0.0,0.0,L1
maxsegan_gpt2_l1_64_100k,0.25,0.25000001177375697,3.086035966873169,0.08,0.0,0.0,L1
maxsegan_gpt2_l1_64_100k,0.5,0.500000011773757,3.08542537689209,0.08,0.0,0.0,L1
maxsegan_gpt2_l1_64_100k,0.6,0.6000000164832597,3.084676742553711,0.08,0.0,0.0,L1
maxsegan_gpt2_l1_64_100k,0.7,0.7000000329665196,3.1007511615753174,0.08,0.0,0.0,L1
maxsegan_gpt2_l1_64_100k,0.8,0.8000000023547514,3.2548108100891113,0.08,0.0,0.0,L1
maxsegan_gpt2_l1_64_100k,0.85,0.8500000164832597,3.6236040592193604,0.08,0.0,0.0,L1
maxsegan_gpt2_l1_64_100k,0.9,0.9000000070642542,4.6929731369018555,0.08,0.0,0.0,L1
maxsegan_gpt2_l1_64_100k,0.95,0.9500000094190056,7.212073802947998,0.08,0.0,0.0,L1
