model_name,target_sparsity,actual_sparsity,dead_params,total_params,dead_param_percent,dead_rows,total_rows,dead_row_percent,dead_cols,total_cols,dead_col_percent,group
maxsegan_gpt2_l1_64_100k,0.0,0.0,2,84934656,2.3547513985339505e-06,0,82944,0.0,0,64512,0.0,L1
maxsegan_gpt2_l1_64_100k,0.25,0.25000001177375697,21233665,84934656,25.000001177375697,0,82944,0.0,0,64512,0.0,L1
maxsegan_gpt2_l1_64_100k,0.5,0.500000011773757,42467329,84934656,50.000001177375694,20113,82944,24.248890817901234,7220,64512,11.19171626984127,L1
maxsegan_gpt2_l1_64_100k,0.6,0.6000000164832597,50960795,84934656,60.00000164832598,32062,82944,38.6549961419753,18754,64512,29.070560515873016,L1
maxsegan_gpt2_l1_64_100k,0.7,0.7000000329665196,59454262,84934656,70.00000329665195,33214,82944,40.043885030864196,20027,64512,31.043836805555557,L1
maxsegan_gpt2_l1_64_100k,0.8,0.8000000023547514,67947725,84934656,80.00000023547514,33332,82944,40.186149691358025,20207,64512,31.32285466269841,L1
maxsegan_gpt2_l1_64_100k,0.85,0.8500000164832597,72194459,84934656,85.00000164832598,33446,82944,40.32359182098765,20279,64512,31.434461805555557,L1
maxsegan_gpt2_l1_64_100k,0.9,0.9000000070642542,76441191,84934656,90.00000070642542,33681,82944,40.60691550925926,20388,64512,31.603422619047617,L1
maxsegan_gpt2_l1_64_100k,0.95,0.9500000094190056,80687924,84934656,95.00000094190057,34224,82944,41.261574074074076,20500,64512,31.77703373015873,L1
