model_name,target_sparsity,actual_sparsity,val_loss,l1_scale,weight_decay,spatial_cost_scale,group
maxsegan_gpt2_l1_32_100k,0.0,0.0,2.999358654022217,0.64,0.0,0.0,L1
maxsegan_gpt2_l1_32_100k,0.25,0.25000001177375697,2.9992997646331787,0.64,0.0,0.0,L1
maxsegan_gpt2_l1_32_100k,0.5,0.500000011773757,2.9993484020233154,0.64,0.0,0.0,L1
maxsegan_gpt2_l1_32_100k,0.6,0.6000000164832597,3.018606185913086,0.64,0.0,0.0,L1
maxsegan_gpt2_l1_32_100k,0.7,0.7000000094190056,3.1394927501678467,0.64,0.0,0.0,L1
maxsegan_gpt2_l1_32_100k,0.8,0.8000000023547514,3.8680291175842285,0.64,0.0,0.0,L1
maxsegan_gpt2_l1_32_100k,0.85,0.8500000164832597,5.061235427856445,0.64,0.0,0.0,L1
maxsegan_gpt2_l1_32_100k,0.9,0.9000000306117681,6.894581317901611,0.64,0.0,0.0,L1
maxsegan_gpt2_l1_32_100k,0.95,0.9500000094190056,8.094961166381836,0.64,0.0,0.0,L1
