model_name,target_sparsity,actual_sparsity,val_loss,l1_scale,weight_decay,spatial_cost_scale,group
maxsegan_gpt2_l1_64_100k,0.0,0.0,3.0762481689453125,0.64,0.0,0.0,L1
maxsegan_gpt2_l1_64_100k,0.25,0.25000001177375697,3.0762441158294678,0.64,0.0,0.0,L1
maxsegan_gpt2_l1_64_100k,0.5,0.500000011773757,3.0756263732910156,0.64,0.0,0.0,L1
maxsegan_gpt2_l1_64_100k,0.6,0.6000000164832597,3.074876546859741,0.64,0.0,0.0,L1
maxsegan_gpt2_l1_64_100k,0.7,0.7000000329665196,3.0910658836364746,0.64,0.0,0.0,L1
maxsegan_gpt2_l1_64_100k,0.8,0.8000000023547514,3.246791362762451,0.64,0.0,0.0,L1
maxsegan_gpt2_l1_64_100k,0.85,0.8500000164832597,3.618476390838623,0.64,0.0,0.0,L1
maxsegan_gpt2_l1_64_100k,0.9,0.9000000070642542,4.699278354644775,0.64,0.0,0.0,L1
maxsegan_gpt2_l1_64_100k,0.95,0.9500000094190056,7.231926918029785,0.64,0.0,0.0,L1
