model_name,target_sparsity,actual_sparsity,val_loss,l1_scale,weight_decay,spatial_cost_scale,group
maxsegan_gpt2_l1_16_100k,0.0,0.0,2.9600274562835693,0.08,0.0,0.0,L1
maxsegan_gpt2_l1_16_100k,0.25,0.25000001177375697,2.9598135948181152,0.08,0.0,0.0,L1
maxsegan_gpt2_l1_16_100k,0.5,0.500000011773757,2.976806640625,0.08,0.0,0.0,L1
maxsegan_gpt2_l1_16_100k,0.6,0.6000000047095028,3.059751033782959,0.08,0.0,0.0,L1
maxsegan_gpt2_l1_16_100k,0.7,0.7000000211927626,3.5453877449035645,0.08,0.0,0.0,L1
maxsegan_gpt2_l1_16_100k,0.8,0.8000000023547514,5.505682945251465,0.08,0.0,0.0,L1
maxsegan_gpt2_l1_16_100k,0.85,0.8500000047095028,6.853302955627441,0.08,0.0,0.0,L1
maxsegan_gpt2_l1_16_100k,0.9,0.9000000188380112,7.739065647125244,0.08,0.0,0.0,L1
maxsegan_gpt2_l1_16_100k,0.95,0.9500000211927626,8.737442970275879,0.08,0.0,0.0,L1
