model_name,target_sparsity,actual_sparsity,val_loss,l1_scale,weight_decay,spatial_cost_scale,group
maxsegan_gpt2_l1_32_100k,0.0,0.0,3.01010799407959,0.08,0.0,0.0,L1
maxsegan_gpt2_l1_32_100k,0.25,0.25000001177375697,3.0100507736206055,0.08,0.0,0.0,L1
maxsegan_gpt2_l1_32_100k,0.5,0.500000011773757,3.0102710723876953,0.08,0.0,0.0,L1
maxsegan_gpt2_l1_32_100k,0.6,0.6000000164832597,3.0289406776428223,0.08,0.0,0.0,L1
maxsegan_gpt2_l1_32_100k,0.7,0.7000000094190056,3.1485137939453125,0.08,0.0,0.0,L1
maxsegan_gpt2_l1_32_100k,0.8,0.8000000023547514,3.8722457885742188,0.08,0.0,0.0,L1
maxsegan_gpt2_l1_32_100k,0.85,0.8500000164832597,5.053869247436523,0.08,0.0,0.0,L1
maxsegan_gpt2_l1_32_100k,0.9,0.9000000306117681,6.8798508644104,0.08,0.0,0.0,L1
maxsegan_gpt2_l1_32_100k,0.95,0.9500000094190056,8.072690963745117,0.08,0.0,0.0,L1
