model_name,target_sparsity,actual_sparsity,val_loss,l1_scale,weight_decay,spatial_cost_scale,group
maxsegan_gpt2_l1_8_100k,0.0,0.0,2.93510365486145,0.08,0.0,0.0,L1
maxsegan_gpt2_l1_8_100k,0.25,0.25000001177375697,2.9350244998931885,0.08,0.0,0.0,L1
maxsegan_gpt2_l1_8_100k,0.5,0.500000011773757,3.042282819747925,0.08,0.0,0.0,L1
maxsegan_gpt2_l1_8_100k,0.6,0.6000000047095028,3.502368211746216,0.08,0.0,0.0,L1
maxsegan_gpt2_l1_8_100k,0.7,0.7000000329665196,4.906221866607666,0.08,0.0,0.0,L1
maxsegan_gpt2_l1_8_100k,0.8,0.8000000023547514,7.045068740844727,0.08,0.0,0.0,L1
maxsegan_gpt2_l1_8_100k,0.85,0.8500000164832597,7.629050254821777,0.08,0.0,0.0,L1
maxsegan_gpt2_l1_8_100k,0.9,0.9000000070642542,8.433958053588867,0.08,0.0,0.0,L1
maxsegan_gpt2_l1_8_100k,0.95,0.9500000094190056,9.283955574035645,0.08,0.0,0.0,L1
