model_name,target_sparsity,actual_sparsity,dead_params,total_params,dead_param_percent,dead_rows,total_rows,dead_row_percent,dead_cols,total_cols,dead_col_percent,group
maxsegan_gpt2_l1_16_100k,0.0,0.0,0,84934656,0.0,0,82944,0.0,0,64512,0.0,L1
maxsegan_gpt2_l1_16_100k,0.25,0.25000001177375697,21233665,84934656,25.000001177375697,8756,82944,10.556520061728394,1182,64512,1.832217261904762,L1
maxsegan_gpt2_l1_16_100k,0.5,0.500000011773757,42467329,84934656,50.000001177375694,14562,82944,17.55642361111111,6279,64512,9.733072916666668,L1
maxsegan_gpt2_l1_16_100k,0.6,0.6000000047095028,50960794,84934656,60.000000470950276,14562,82944,17.55642361111111,6291,64512,9.751674107142858,L1
maxsegan_gpt2_l1_16_100k,0.7,0.7000000211927626,59454261,84934656,70.00000211927626,14562,82944,17.55642361111111,6305,64512,9.773375496031745,L1
maxsegan_gpt2_l1_16_100k,0.8,0.8000000023547514,67947725,84934656,80.00000023547514,14562,82944,17.55642361111111,6313,64512,9.78577628968254,L1
maxsegan_gpt2_l1_16_100k,0.85,0.8500000047095028,72194458,84934656,85.00000047095028,14562,82944,17.55642361111111,6315,64512,9.788876488095239,L1
maxsegan_gpt2_l1_16_100k,0.9,0.9000000188380112,76441192,84934656,90.00000188380112,14564,82944,17.558834876543212,6317,64512,9.791976686507937,L1
maxsegan_gpt2_l1_16_100k,0.95,0.9500000211927626,80687925,84934656,95.00000211927626,14583,82944,17.58174189814815,6355,64512,9.850880456349206,L1
