model_name,target_sparsity,actual_sparsity,dead_params,total_params,dead_param_percent,dead_rows,total_rows,dead_row_percent,dead_cols,total_cols,dead_col_percent,group
maxsegan_gpt2_l1_32_100k,0.0,0.0,0,84934656,0.0,0,82944,0.0,0,64512,0.0,L1
maxsegan_gpt2_l1_32_100k,0.25,0.25000001177375697,21233665,84934656,25.000001177375697,11129,82944,13.41748649691358,550,64512,0.8525545634920634,L1
maxsegan_gpt2_l1_32_100k,0.5,0.500000011773757,42467329,84934656,50.000001177375694,20725,82944,24.986738040123456,8898,64512,13.792782738095239,L1
maxsegan_gpt2_l1_32_100k,0.6,0.6000000164832597,50960795,84934656,60.00000164832598,20808,82944,25.086805555555557,9168,64512,14.211309523809524,L1
maxsegan_gpt2_l1_32_100k,0.7,0.7000000094190056,59454260,84934656,70.00000094190057,20808,82944,25.086805555555557,9168,64512,14.211309523809524,L1
maxsegan_gpt2_l1_32_100k,0.8,0.8000000023547514,67947725,84934656,80.00000023547514,20808,82944,25.086805555555557,9210,64512,14.276413690476192,L1
maxsegan_gpt2_l1_32_100k,0.85,0.8500000164832597,72194459,84934656,85.00000164832598,20809,82944,25.088011188271604,9212,64512,14.27951388888889,L1
maxsegan_gpt2_l1_32_100k,0.9,0.9000000306117681,76441193,84934656,90.00000306117681,20817,82944,25.09765625,9216,64512,14.285714285714285,L1
maxsegan_gpt2_l1_32_100k,0.95,0.9500000094190056,80687924,84934656,95.00000094190057,20929,82944,25.23268711419753,9230,64512,14.307415674603174,L1
