model_name,target_sparsity,actual_sparsity,val_loss,l1_scale,weight_decay,spatial_cost_scale,group
maxsegan_gpt2_l1_8_100k,0.0,0.0,2.9377660751342773,0.64,0.0,0.0,L1
maxsegan_gpt2_l1_8_100k,0.25,0.25000001177375697,2.9377081394195557,0.64,0.0,0.0,L1
maxsegan_gpt2_l1_8_100k,0.5,0.500000011773757,3.0447356700897217,0.64,0.0,0.0,L1
maxsegan_gpt2_l1_8_100k,0.6,0.6000000047095028,3.5037648677825928,0.64,0.0,0.0,L1
maxsegan_gpt2_l1_8_100k,0.7,0.7000000329665196,4.910624027252197,0.64,0.0,0.0,L1
maxsegan_gpt2_l1_8_100k,0.8,0.8000000023547514,7.054594993591309,0.64,0.0,0.0,L1
maxsegan_gpt2_l1_8_100k,0.85,0.8500000164832597,7.64025354385376,0.64,0.0,0.0,L1
maxsegan_gpt2_l1_8_100k,0.9,0.9000000070642542,8.445714950561523,0.64,0.0,0.0,L1
maxsegan_gpt2_l1_8_100k,0.95,0.9500000094190056,9.295563697814941,0.64,0.0,0.0,L1
