model_name,target_sparsity,actual_sparsity,dead_params,total_params,dead_param_percent,dead_rows,total_rows,dead_row_percent,dead_cols,total_cols,dead_col_percent,group
maxsegan_gpt2_l1_8_100k,0.0,0.0,0,84934656,0.0,0,82944,0.0,0,64512,0.0,L1
maxsegan_gpt2_l1_8_100k,0.25,0.25000001177375697,21233665,84934656,25.000001177375697,8701,82944,10.490210262345679,3157,64512,4.893663194444445,L1
maxsegan_gpt2_l1_8_100k,0.5,0.500000011773757,42467329,84934656,50.000001177375694,9065,82944,10.929060570987655,4216,64512,6.535218253968254,L1
maxsegan_gpt2_l1_8_100k,0.6,0.6000000047095028,50960794,84934656,60.000000470950276,9065,82944,10.929060570987655,4221,64512,6.54296875,L1
maxsegan_gpt2_l1_8_100k,0.7,0.7000000329665196,59454262,84934656,70.00000329665195,9065,82944,10.929060570987655,4225,64512,6.549169146825397,L1
maxsegan_gpt2_l1_8_100k,0.8,0.8000000023547514,67947725,84934656,80.00000023547514,9065,82944,10.929060570987655,4232,64512,6.560019841269842,L1
maxsegan_gpt2_l1_8_100k,0.85,0.8500000164832597,72194459,84934656,85.00000164832598,9065,82944,10.929060570987655,4236,64512,6.566220238095238,L1
maxsegan_gpt2_l1_8_100k,0.9,0.9000000070642542,76441191,84934656,90.00000070642542,9066,82944,10.930266203703704,4236,64512,6.566220238095238,L1
maxsegan_gpt2_l1_8_100k,0.95,0.9500000094190056,80687924,84934656,95.00000094190057,9090,82944,10.95920138888889,4300,64512,6.665426587301587,L1
